id_chamado,tipo_atendimento
1,Bug
2,Dúvida
3,Elogio
4,Bug
5,Reclamação
6,Reclamação
7,Dúvida
8,Dúvida
9,Bug
10,Cancelamento
11,Reclamação
12,Dúvida
13,Dúvida
14,Elogio
15,Bug
16,Bug
17,Bug
18,Reclamação
19,Dúvida
20,Dúvida
21,Bug
22,Reclamação
23,Dúvida
24,Dúvida
25,Elogio
26,Dúvida
27,Dúvida
28,Reclamação
29,Elogio
30,Elogio
31,Dúvida
32,Elogio
33,Dúvida
34,Dúvida
35,Elogio
36,Reclamação
37,Bug
38,Elogio
39,Reclamação
40,Dúvida
41,Dúvida
42,Dúvida
43,Dúvida
44,Cancelamento
45,Dúvida
46,Bug
47,Reclamação
48,Bug
49,Reclamação
50,Reclamação
51,Reclamação
52,Dúvida
53,Elogio
54,Dúvida
55,Dúvida
56,Reclamação
57,Dúvida
58,Cancelamento
59,Cancelamento
60,Cancelamento
61,Dúvida
62,Dúvida
63,Cancelamento
64,Reclamação
65,Cancelamento
66,Cancelamento
67,Bug
68,Dúvida
69,Dúvida
70,Bug
71,Dúvida
72,Dúvida
73,Reclamação
74,Cancelamento
75,Elogio
76,Reclamação
77,Dúvida
78,Reclamação
79,Cancelamento
80,Dúvida
81,Reclamação
82,Bug
83,Elogio
84,Elogio
85,Elogio
86,Dúvida
87,Dúvida
88,Bug
89,Bug
90,Bug
91,Cancelamento
92,Reclamação
93,Reclamação
94,Bug
95,Reclamação
96,Elogio
97,Bug
98,Bug
99,Dúvida
100,Dúvida
101,Dúvida
102,Reclamação
103,Dúvida
104,Reclamação
105,Reclamação
106,Dúvida
107,Reclamação
108,Dúvida
109,Dúvida
110,Bug
111,Dúvida
112,Dúvida
113,Reclamação
114,Bug
115,Dúvida
116,Reclamação
117,Dúvida
118,Dúvida
119,Reclamação
120,Reclamação
121,Reclamação
122,Elogio
123,Cancelamento
124,Reclamação
125,Dúvida
126,Bug
127,Dúvida
128,Reclamação
129,Dúvida
130,Dúvida
131,Cancelamento
132,Bug
133,Elogio
134,Reclamação
135,Dúvida
136,Dúvida
137,Dúvida
138,Reclamação
139,Elogio
140,Elogio
141,Dúvida
142,Cancelamento
143,Elogio
144,Reclamação
145,Reclamação
146,Reclamação
147,Dúvida
148,Dúvida
149,Bug
150,Dúvida
151,Dúvida
152,Dúvida
153,Dúvida
154,Bug
155,Elogio
156,Reclamação
157,Dúvida
158,Reclamação
159,Reclamação
160,Dúvida
161,Reclamação
162,Dúvida
163,Reclamação
164,Reclamação
165,Dúvida
166,Dúvida
167,Reclamação
168,Reclamação
169,Bug
170,Elogio
171,Dúvida
172,Dúvida
173,Reclamação
174,Dúvida
175,Reclamação
176,Cancelamento
177,Reclamação
178,Dúvida
179,Reclamação
180,Reclamação
181,Reclamação
182,Cancelamento
183,Dúvida
184,Cancelamento
185,Cancelamento
186,Dúvida
187,Dúvida
188,Dúvida
189,Dúvida
190,Dúvida
191,Elogio
192,Dúvida
193,Dúvida
194,Bug
195,Dúvida
196,Bug
197,Dúvida
198,Dúvida
199,Elogio
200,Reclamação
201,Bug
202,Elogio
203,Bug
204,Dúvida
205,Dúvida
206,Bug
207,Bug
208,Cancelamento
209,Reclamação
210,Dúvida
211,Bug
212,Dúvida
213,Cancelamento
214,Bug
215,Reclamação
216,Bug
217,Bug
218,Dúvida
219,Cancelamento
220,Reclamação
221,Bug
222,Dúvida
223,Bug
224,Dúvida
225,Dúvida
226,Cancelamento
227,Dúvida
228,Dúvida
229,Cancelamento
230,Cancelamento
231,Reclamação
232,Reclamação
233,Reclamação
234,Dúvida
235,Dúvida
236,Elogio
237,Bug
238,Bug
239,Bug
240,Dúvida
241,Reclamação
242,Dúvida
243,Reclamação
244,Reclamação
245,Bug
246,Dúvida
247,Dúvida
248,Dúvida
249,Bug
250,Reclamação
251,Dúvida
252,Dúvida
253,Elogio
254,Dúvida
255,Bug
256,Elogio
257,Dúvida
258,Dúvida
259,Cancelamento
260,Dúvida
261,Dúvida
262,Bug
263,Cancelamento
264,Cancelamento
265,Bug
266,Dúvida
267,Dúvida
268,Bug
269,Reclamação
270,Reclamação
271,Cancelamento
272,Dúvida
273,Reclamação
274,Dúvida
275,Reclamação
276,Dúvida
277,Dúvida
278,Dúvida
279,Reclamação
280,Elogio
281,Reclamação
282,Cancelamento
283,Dúvida
284,Dúvida
285,Bug
286,Dúvida
287,Cancelamento
288,Dúvida
289,Cancelamento
290,Dúvida
291,Bug
292,Reclamação
293,Cancelamento
294,Dúvida
295,Reclamação
296,Cancelamento
297,Reclamação
298,Reclamação
299,Elogio
300,Reclamação
