dia_semana,horario,movimento_clientes
Segunda,08:00,90
Segunda,10:00,89
Segunda,12:00,84
Segunda,14:00,83
Segunda,16:00,44
Segunda,18:00,26
Segunda,20:00,52
Terça,08:00,33
Terça,10:00,75
Terça,12:00,47
Terça,14:00,98
Terça,16:00,71
Terça,18:00,85
Terça,20:00,30
Quarta,08:00,88
Quarta,10:00,93
Quarta,12:00,58
Quarta,14:00,68
Quarta,16:00,81
Quarta,18:00,33
Quarta,20:00,60
Quinta,08:00,51
Quinta,10:00,31
Quinta,12:00,49
Quinta,14:00,25
Quinta,16:00,22
Quinta,18:00,30
Quinta,20:00,97
Sexta,08:00,63
Sexta,10:00,97
Sexta,12:00,54
Sexta,14:00,44
Sexta,16:00,60
Sexta,18:00,55
Sexta,20:00,28
Sábado,08:00,142
Sábado,10:00,74
Sábado,12:00,139
Sábado,14:00,144
Sábado,16:00,64
Sábado,18:00,49
Sábado,20:00,164
Domingo,08:00,113
Domingo,10:00,49
Domingo,12:00,199
Domingo,14:00,49
Domingo,16:00,151
Domingo,18:00,197
Domingo,20:00,78
