cliente_id,idade
1,24
2,28
3,19
4,33
5,29
6,24
7,21
8,22
9,25
10,24
11,30
12,23
13,28
14,25
15,26
16,24
17,29
18,29
19,27
20,28
21,20
22,27
23,31
24,27
25,20
26,25
27,27
28,21
29,18
30,23
31,21
32,25
33,18
34,28
35,22
36,30
37,24
38,25
39,24
40,22
41,37
42,23
43,30
44,20
45,27
46,27
47,25
48,22
49,24
50,23
51,37
52,25
53,28
54,34
55,21
56,25
57,24
58,25
59,24
60,21
61,26
62,20
63,30
64,28
65,23
66,23
67,26
68,21
69,34
70,27
71,27
72,28
73,22
74,30
75,26
76,30
77,24
78,32
79,27
80,36
81,23
82,26
83,20
84,22
85,28
86,31
87,40
88,25
89,20
90,29
91,19
92,28
93,22
94,26
95,30
96,24
97,30
98,29
99,18
100,20
101,18
102,35
103,24
104,34
105,18
106,22
107,29
108,26
109,28
110,19
111,32
112,29
113,27
114,22
115,27
116,24
117,18
118,25
119,24
120,30
121,27
122,47
123,36
124,48
125,48
126,44
127,51
128,35
129,54
130,39
131,33
132,43
133,28
134,47
135,43
136,55
137,50
138,34
139,38
140,49
141,52
142,55
143,55
144,44
145,48
146,55
147,43
148,48
149,42
150,41
151,45
152,39
153,44
154,37
155,43
156,49
157,40
158,45
159,46
160,49
161,44
162,54
163,28
164,69
165,38
166,48
167,37
168,50
169,47
170,40
171,54
172,44
173,49
174,38
175,45
176,61
177,53
178,47
179,41
180,46
181,47
182,49
183,36
184,50
185,36
186,58
187,39
188,47
189,53
190,43
191,48
192,56
193,50
194,48
195,32
196,38
197,53
198,50
199,51
200,50
