departamento,salario
TI,9257.07
TI,6542.55
TI,7210.87
TI,5199.82
TI,4763.46
TI,4123.45
TI,5450.96
TI,9716.98
TI,4282.73
TI,6468.81
TI,4737.0
TI,5948.3
TI,7296.96
TI,5774.8
TI,8906.91
TI,9684.46
TI,3064.08
TI,5804.76
TI,7103.5
TI,8970.7
TI,6205.07
TI,6965.11
TI,4975.7
TI,4317.61
TI,9529.42
TI,3807.88
TI,11075.08
TI,8269.01
TI,8189.95
TI,8007.07
TI,6557.8
TI,7686.15
TI,6669.43
TI,7967.88
TI,6941.05
TI,5336.89
TI,5476.5
TI,5277.52
TI,8699.08
TI,5919.47
TI,19600.0
TI,21000.0
Marketing,2087.9
Marketing,4396.84
Marketing,5514.52
Marketing,4773.08
Marketing,3396.68
Marketing,2413.19
Marketing,3865.73
Marketing,3840.78
Marketing,3030.8
Marketing,4551.04
Marketing,5846.63
Marketing,4222.28
Marketing,4160.48
Marketing,3062.77
Marketing,5397.41
Marketing,3924.86
Marketing,3421.04
Marketing,4063.69
Marketing,4471.96
Marketing,4139.22
Marketing,5206.15
Marketing,4383.97
Marketing,3716.06
Marketing,4401.19
Marketing,4499.64
Marketing,2703.62
Marketing,5149.42
Marketing,3699.1
Marketing,3724.68
Marketing,4751.38
Marketing,4747.17
Marketing,3299.17
Marketing,4802.9
Marketing,3439.55
Marketing,5819.57
Marketing,3171.81
Marketing,4239.48
Marketing,3217.98
Marketing,6222.7
Marketing,2762.18
Marketing,11200.0
Marketing,12000.0
RH,4524.36
RH,3265.09
RH,3645.89
RH,4453.54
RH,5224.58
RH,5623.4
RH,2463.05
RH,4267.75
RH,5459.49
RH,2314.69
RH,4314.38
RH,3997.92
RH,4414.54
RH,3227.7
RH,2564.38
RH,2086.89
RH,4976.38
RH,5104.05
RH,4302.69
RH,3465.85
RH,2376.95
RH,4563.35
RH,2899.22
RH,3288.7
RH,3413.44
RH,3802.46
RH,3240.96
RH,4033.46
RH,3378.18
RH,4701.37
RH,5031.06
RH,4108.54
RH,4462.63
RH,6117.86
RH,2827.4
RH,2766.53
RH,4695.0
RH,5946.54
RH,3739.5
RH,5726.83
RH,11200.0
RH,12000.0
Vendas,7168.76
Vendas,5808.45
Vendas,5266.29
Vendas,8101.47
Vendas,5398.82
Vendas,7142.23
Vendas,9771.06
Vendas,6463.13
Vendas,9299.52
Vendas,4874.55
Vendas,6065.66
Vendas,4537.5
Vendas,7127.74
Vendas,8365.14
Vendas,7131.58
Vendas,9147.34
Vendas,5688.94
Vendas,7394.35
Vendas,6076.93
Vendas,7632.93
Vendas,7881.54
Vendas,8019.19
Vendas,5126.46
Vendas,5442.94
Vendas,5767.5
Vendas,6581.96
Vendas,7152.58
Vendas,8239.16
Vendas,5515.83
Vendas,4198.22
Vendas,10772.55
Vendas,5019.96
Vendas,8463.57
Vendas,7054.72
Vendas,7439.78
Vendas,6997.29
Vendas,6326.53
Vendas,7811.95
Vendas,6232.47
Vendas,9041.03
Vendas,19600.0
Vendas,21000.0
