data,vendas,loja
2026-01-01,107.45,Loja B
2026-01-02,99.61,Loja B
2026-01-03,113.09,Loja A
2026-01-04,127.9,Loja B
2026-01-05,103.23,Loja B
2026-01-06,104.91,Loja A
2026-01-07,133.8,Loja B
2026-01-08,123.31,Loja A
2026-01-09,106.44,Loja A
2026-01-10,123.31,Loja B
2026-01-11,109.9,Loja A
2026-01-12,111.55,Loja A
2026-01-13,123.85,Loja A
2026-01-14,93.21,Loja A
2026-01-15,97.72,Loja B
2026-01-16,116.85,Loja A
2026-01-17,111.77,Loja B
2026-01-18,133.37,Loja A
2026-01-19,116.72,Loja A
2026-01-20,110.84,Loja A
2026-01-21,155.69,Loja A
2026-01-22,132.01,Loja B
2026-01-23,138.09,Loja B
2026-01-24,117.39,Loja A
2026-01-25,132.28,Loja A
2026-01-26,143.8,Loja B
2026-01-27,126.56,Loja A
2026-01-28,151.14,Loja A
2026-01-29,138.18,Loja A
2026-01-30,144.5,Loja B
2026-01-31,141.54,Loja B
2026-02-01,180.03,Loja B
2026-02-02,153.73,Loja A
2026-02-03,139.75,Loja A
2026-02-04,169.64,Loja B
2026-02-05,140.68,Loja B
2026-02-06,163.81,Loja B
2026-02-07,132.96,Loja B
2026-02-08,144.12,Loja A
2026-02-09,168.68,Loja B
2026-02-10,178.49,Loja A
2026-02-11,171.67,Loja B
2026-02-12,169.05,Loja A
2026-02-13,167.96,Loja B
2026-02-14,151.98,Loja B
2026-02-15,165.05,Loja B
2026-02-16,170.62,Loja B
2026-02-17,195.07,Loja A
2026-02-18,186.05,Loja B
2026-02-19,156.14,Loja A
2026-02-20,189.13,Loja A
2026-02-21,180.18,Loja A
2026-02-22,177.49,Loja A
2026-02-23,198.5,Loja B
2026-02-24,206.48,Loja A
2026-02-25,206.67,Loja A
2026-02-26,181.79,Loja A
2026-02-27,191.43,Loja B
2026-02-28,202.72,Loja B
2026-03-01,214.07,Loja B
2026-03-02,193.94,Loja B
2026-03-03,200.02,Loja A
2026-03-04,187.9,Loja A
2026-03-05,188.24,Loja B
2026-03-06,220.05,Loja A
2026-03-07,229.89,Loja A
2026-03-08,210.16,Loja A
2026-03-09,227.97,Loja B
2026-03-10,220.03,Loja B
2026-03-11,206.62,Loja A
2026-03-12,223.4,Loja B
2026-03-13,242.73,Loja B
2026-03-14,220.81,Loja B
2026-03-15,246.5,Loja B
2026-03-16,185.42,Loja B
2026-03-17,238.73,Loja A
2026-03-18,229.4,Loja B
2026-03-19,225.29,Loja A
2026-03-20,232.84,Loja A
2026-03-21,203.33,Loja B
2026-03-22,231.54,Loja A
2026-03-23,241.87,Loja A
2026-03-24,260.37,Loja A
2026-03-25,232.11,Loja B
2026-03-26,229.45,Loja B
2026-03-27,235.73,Loja A
2026-03-28,258.67,Loja B
2026-03-29,251.56,Loja B
2026-03-30,240.37,Loja B
2026-03-31,257.7,Loja B
