renda_mensal,gasto_mensal
5925.69,3326.3
9427.23,5271.49
10642.75,6220.54
12871.77,7973.36
5080.27,3265.53
2637.45,1741.08
4211.07,2565.22
13750.23,7913.78
13423.63,7465.36
9967.66,5740.64
10006.46,5803.49
10812.96,6782.78
4692.14,3087.75
13930.15,8082.51
7734.63,5540.58
7289.23,4398.13
8986.47,5901.45
3087.07,2721.59
4578.54,2602.62
11725.42,7113.08
3534.98,2331.77
10039.4,5963.5
5566.86,3795.76
7366.2,4453.7
6108.67,3784.91
6945.91,4353.88
11488.07,6845.46
6214.02,3640.85
9580.06,6123.75
8450.63,5564.68
10795.89,6671.49
14210.37,8374.73
11657.15,6840.96
5186.75,3204.41
2889.79,2831.57
5778.3,4029.35
9938.47,5834.41
3142.82,2316.0
8704.58,5284.11
9960.54,6273.99
6678.05,4416.8
12136.4,7646.99
3832.48,2399.08
3439.22,2464.62
11602.36,6497.16
8693.64,5009.52
11105.03,7007.4
7935.34,4675.28
5580.03,3384.28
12738.78,7658.02
12492.7,7730.61
11183.71,6468.15
5901.81,2773.19
9877.88,5791.32
7012.17,4803.25
3644.78,2651.68
13966.42,8747.73
4210.23,2527.04
14377.97,8090.08
8075.07,5177.79
4814.16,3278.06
9273.76,5804.48
13411.82,8318.73
11652.81,7176.59
12582.01,7694.07
10734.79,6748.56
11153.46,6920.12
13114.95,8129.19
5620.85,3962.05
8617.81,5803.61
5265.12,3264.78
14845.85,8989.07
14300.74,8427.39
2992.84,1932.21
11319.69,6655.97
14065.6,8554.81
4757.19,3299.51
9599.32,6015.93
13943.6,8270.03
2924.32,2144.8
11217.75,7050.86
6216.86,3547.7
14054.95,8407.73
14638.23,8755.18
14303.33,8765.94
8427.68,4832.15
13275.53,8410.76
13056.87,7903.4
6488.76,4227.32
12861.44,7609.04
2962.6,2326.69
9953.37,6109.21
5375.11,3884.06
4007.09,2319.95
3461.92,2498.62
11203.61,6920.14
6748.44,4237.41
11559.58,6876.28
3316.95,2255.58
6441.13,4172.97
9243.64,5152.89
12384.04,7750.61
6484.41,4000.87
10323.64,6341.29
13574.72,8240.52
10198.29,6074.75
5411.99,3502.79
2805.01,1466.13
13376.24,8238.46
2765.87,2378.72
13433.77,7540.87
9111.71,5499.78
14238.35,8134.46
12484.79,7464.42
14974.18,9111.62
6883.9,4665.65
12089.85,7632.3
7524.14,5122.5
8498.45,5210.28
10343.82,5970.21
