altura_cm,peso_kg,sexo
182.0,75.0,Feminino
188.2,80.7,Masculino
168.9,58.4,Masculino
179.8,69.1,Feminino
155.5,52.6,Masculino
177.8,71.1,Feminino
168.4,71.8,Masculino
156.4,58.9,Masculino
180.3,77.0,Masculino
151.9,42.9,Masculino
150.9,43.0,Feminino
173.6,61.3,Feminino
175.7,69.5,Feminino
179.7,58.0,Masculino
177.4,67.4,Feminino
184.8,74.8,Feminino
177.0,61.7,Feminino
168.7,65.8,Masculino
169.3,56.6,Masculino
167.2,61.8,Masculino
173.0,79.6,Feminino
159.0,45.1,Feminino
173.4,65.3,Feminino
169.1,60.2,Masculino
172.8,62.5,Masculino
172.8,69.3,Feminino
145.5,46.5,Masculino
161.0,58.7,Masculino
168.9,58.4,Masculino
169.4,74.7,Masculino
172.6,56.5,Feminino
173.0,60.6,Masculino
185.2,77.5,Masculino
173.1,66.3,Masculino
166.9,62.6,Masculino
154.0,56.5,Feminino
156.3,50.1,Feminino
175.4,68.4,Masculino
180.6,69.6,Masculino
185.4,79.8,Masculino
161.7,54.0,Masculino
167.0,58.7,Masculino
172.4,67.9,Masculino
190.5,86.6,Feminino
171.1,53.0,Masculino
185.5,78.8,Feminino
171.7,63.2,Feminino
181.5,78.1,Masculino
180.3,71.0,Feminino
171.7,71.0,Feminino
159.8,50.4,Feminino
167.3,49.4,Feminino
184.9,81.7,Feminino
178.8,66.7,Feminino
165.7,51.2,Masculino
166.6,60.0,Feminino
152.7,46.2,Feminino
184.4,80.1,Feminino
178.9,75.4,Masculino
168.6,62.2,Feminino
172.0,60.4,Masculino
148.3,44.9,Feminino
165.1,59.4,Masculino
183.3,77.9,Masculino
179.8,67.5,Feminino
173.3,64.0,Feminino
169.9,65.4,Masculino
178.0,76.4,Feminino
167.2,65.3,Masculino
153.4,48.4,Masculino
169.9,60.5,Masculino
174.0,68.6,Masculino
181.2,67.6,Masculino
155.6,45.9,Feminino
168.8,69.4,Masculino
169.2,64.3,Masculino
159.0,51.4,Feminino
174.9,71.5,Masculino
177.5,76.2,Feminino
167.1,58.2,Feminino
190.6,79.4,Feminino
166.8,57.4,Masculino
165.5,63.8,Masculino
165.2,63.6,Masculino
161.8,62.6,Feminino
164.4,63.0,Masculino
155.7,41.9,Feminino
168.1,62.7,Masculino
170.6,58.2,Feminino
147.2,39.9,Masculino
169.0,62.9,Masculino
170.4,67.6,Masculino
175.1,63.2,Feminino
182.0,62.2,Feminino
178.5,71.6,Masculino
163.8,70.6,Masculino
162.6,55.4,Feminino
175.8,68.5,Feminino
164.5,67.0,Feminino
157.7,54.9,Masculino
193.7,85.5,Feminino
166.9,62.4,Masculino
163.7,58.6,Feminino
148.1,37.6,Masculino
178.5,64.0,Feminino
160.1,63.5,Feminino
170.3,64.2,Feminino
179.7,72.2,Feminino
160.3,53.8,Feminino
170.8,67.6,Masculino
185.2,89.4,Feminino
145.4,43.5,Feminino
161.9,52.8,Feminino
161.0,54.2,Masculino
168.1,66.7,Feminino
169.5,59.7,Masculino
159.4,57.7,Feminino
163.5,45.5,Feminino
162.3,54.9,Masculino
166.5,63.0,Feminino
172.2,71.3,Masculino
179.1,67.1,Masculino
180.6,65.0,Feminino
176.5,67.6,Masculino
161.3,49.5,Feminino
170.0,62.2,Feminino
193.7,84.3,Masculino
180.1,65.5,Masculino
165.6,63.1,Masculino
185.8,76.5,Masculino
166.1,64.9,Feminino
163.3,47.8,Feminino
184.0,70.5,Masculino
156.9,53.8,Feminino
150.9,41.8,Feminino
179.4,70.6,Feminino
170.3,63.3,Feminino
171.3,64.9,Masculino
166.4,56.4,Masculino
167.6,61.6,Feminino
165.4,55.0,Masculino
163.7,60.7,Masculino
166.2,59.0,Masculino
165.9,60.1,Feminino
161.7,68.4,Feminino
164.5,52.6,Feminino
145.0,47.4,Masculino
176.8,55.9,Feminino
173.9,56.1,Feminino
169.2,56.0,Masculino
